{"session": "session_36", "domain": "youtube.com", "cost": 118, "user": "user_9", "campaign": "campaign_19", "ip": "ip_4", "action": "clicked", "timestamp": 1420070400000}
{"session": "session_96", "domain": "facebook.com", "cost": 5, "user": "user_5", "campaign": "campaign_12", "ip": "ip_3", "action": "blocked", "timestamp": 1420070400864}
{"session": "session_61", "domain": "sf.craigslist.org", "cost": 54, "user": "user_8", "campaign": "campaign_3", "ip": "ip_9", "action": "clicked", "timestamp": 1420070401728}
{"session": "session_55", "domain": "wikipedia.org", "cost": 110, "user": "user_6", "campaign": "campaign_18", "ip": "ip_5", "action": "blocked", "timestamp": 1420070402592}
{"session": "session_49", "domain": "comedycentral.com", "cost": 15, "user": "user_4", "campaign": "campaign_6", "ip": "ip_9", "action": "clicked", "timestamp": 1420070403456}
{"session": "session_13", "domain": "cnn.com", "cost": 139, "user": "user_7", "campaign": "campaign_9", "ip": "ip_8", "action": "blocked", "timestamp": 1420070404320}
{"session": "session_92", "domain": "funnyordie.com", "cost": 171, "user": "user_9", "campaign": "campaign_4", "ip": "ip_1", "action": "blocked", "timestamp": 1420070405184}
{"session": "session_13", "domain": "amazon.com", "cost": 20, "user": "user_1", "campaign": "campaign_17", "ip": "ip_4", "action": "blocked", "timestamp": 1420070406048}
{"session": "session_36", "domain": "zynga.com", "cost": 78, "user": "user_3", "campaign": "campaign_20", "ip": "ip_5", "action": "blocked", "timestamp": 1420070406912}
{"session": "session_65", "domain": "nytimes.com", "cost": 147, "user": "user_6", "campaign": "campaign_19", "ip": "ip_2", "action": "blocked", "timestamp": 1420070407776}
{"session": "session_10", "domain": "wikipedia.org", "cost": 50, "user": "user_6", "campaign": "campaign_5", "ip": "ip_5", "action": "viewed", "timestamp": 1420070408640}
{"session": "session_57", "domain": "wikipedia.org", "cost": 141, "user": "user_1", "campaign": "campaign_16", "ip": "ip_1", "action": "clicked", "timestamp": 1420070409504}
{"session": "session_19", "domain": "sf.craigslist.org", "cost": 0, "user": "user_7", "campaign": "campaign_19", "ip": "ip_9", "action": "viewed", "timestamp": 1420070410368}
{"session": "session_60", "domain": "yahoo.com", "cost": 24, "user": "user_8", "campaign": "campaign_1", "ip": "ip_4", "action": "viewed", "timestamp": 1420070411232}
{"session": "session_27", "domain": "sfgate.com", "cost": 74, "user": "user_3", "campaign": "campaign_5", "ip": "ip_6", "action": "clicked", "timestamp": 1420070412096}
{"session": "session_93", "domain": "youtube.com", "cost": 7, "user": "user_1", "campaign": "campaign_2", "ip": "ip_2", "action": "blocked", "timestamp": 1420070412960}
{"session": "session_22", "domain": "google.com", "cost": 153, "user": "user_9", "campaign": "campaign_9", "ip": "ip_3", "action": "blocked", "timestamp": 1420070413824}
{"session": "session_4", "domain": "comedycentral.com", "cost": 140, "user": "user_2", "campaign": "campaign_8", "ip": "ip_8", "action": "blocked", "timestamp": 1420070414688}
{"session": "session_85", "domain": "amazon.com", "cost": 23, "user": "user_7", "campaign": "campaign_19", "ip": "ip_5", "action": "blocked", "timestamp": 1420070415552}
{"session": "session_69", "domain": "google.com", "cost": 133, "user": "user_7", "campaign": "campaign_20", "ip": "ip_9", "action": "viewed", "timestamp": 1420070416416}
