{"domain":"amazon.com","category":"SHOPPING"}
{"domain":"bbc.co.uk","category":"NEWS"}
{"domain":"facebook.com","category":"SOCIAL"}
{"domain":"flickr.com", "category":"PHOTO"}
{"domain":"foxnews.com","category":"NEWS"}
{"domain":"google.com","category":"SEARCH"}
{"domain":"npr.org","category":"NEWS"}
{"domain":"nytimes.com","category":"NEWS"}
{"domain":"sf.craigslist.org","category":"CLASSIFIEDS"}
{"domain":"sfgate.com","category":"NEWS"}
{"domain":"twitter.com","category":"SOCIAL"}
{"domain":"usatoday.com","category":"NEWS"}
{"domain":"wikipedia.org","category":"REFERENCE"}
{"domain":"yahoo.com","category":"SEARCH"}
{"domain":"youtube.com","category":"VIDEO"}
